service,p95_ms,competitor_p95_ms,latency_gap_pct,success_rate_pct,competitor_success_pct,success_gap_pts
Passport Verification,5365,3392,58.2,99.57,99.35,0.22
Intl ID OCR,6407,4326,48.1,92.37,96.26,-3.89
Voter ID Verification,1502,1331,12.8,98.64,98.71,-0.07
AML Screening,1214,1093,11.1,97.81,99.04,-1.23
Voter ID OCR,1544,1459,5.8,92.04,95.64,-3.6
UPI Verification,942,999,-5.7,97.51,98.53,-1.02
Aadhaar OCR,1307,1404,-6.9,98.37,99.9,-1.53
Phone Risk,555,612,-9.3,97.9,99.58,-1.68
Liveness Check,1432,1635,-12.4,97.99,99.37,-1.38
Driving License Verification,807,946,-14.7,91.1,95.79,-4.69
