service,category,p50_ms,p95_ms,success_rate_pct,error_rate_pct,timeout_rate_pct,monthly_requests,coverage_pct,competitor_p95_ms,competitor_success_pct,missing_fields_pct
Aadhaar OCR,OCR,511,1307,98.37,1.63,0.12,920509,94.6,1404,99.9,0.1
PAN OCR,OCR,476,1016,98.69,1.31,0.39,807988,98.1,945,99.5,0.7
Passport OCR,OCR,717,1574,98.26,1.74,0.32,1454686,94.4,1658,98.14,0.3
Driving License OCR,OCR,860,1592,99.11,0.89,0.25,3740516,98.1,1645,99.9,1.3
Voter ID OCR,OCR,620,1544,92.04,7.96,0.28,998682,99.7,1459,95.64,0.0
Intl ID OCR,OCR,2628,6407,92.37,7.63,1.35,240518,81.5,4326,96.26,0.2
Face Match,Biometrics,671,1467,97.69,2.31,0.15,116870,95.6,1685,97.56,0.4
Liveness Check,Biometrics,694,1432,97.99,2.01,0.51,3123252,99.1,1635,99.37,1.6
PAN Verification,Govt Verification,284,562,97.93,2.07,0.2,2758788,99.4,647,98.53,2.1
Aadhaar Offline eKYC,Govt Verification,266,633,97.87,2.13,0.16,3486636,99.4,722,97.71,3.6
Driving License Verification,Govt Verification,397,807,91.1,8.9,0.23,2466742,94.8,946,95.79,4.9
Voter ID Verification,Govt Verification,729,1502,98.64,1.36,1.58,1181474,94.6,1331,98.71,0.3
Passport Verification,Govt Verification,2145,5365,99.57,0.43,1.43,1874377,76.7,3392,99.35,1.9
Email Risk,Fraud Signals,678,1308,98.97,1.03,0.21,1515750,100.0,1335,99.44,0.6
Phone Risk,Fraud Signals,220,555,97.9,2.1,0.48,1722668,99.1,612,99.58,0.3
Device Intelligence,Fraud Signals,304,657,98.25,1.75,0.38,1020073,95.6,616,98.96,1.9
IP Risk,Fraud Signals,697,1561,97.92,2.08,0.34,2096187,94.6,1788,98.41,1.1
Name Match,Data Matching,441,945,97.62,2.38,0.43,2925333,97.0,1125,98.5,0.6
Address Match,Data Matching,694,1613,98.05,1.95,0.49,1276806,85.0,1735,98.46,0.6
Bank Account Verification,Financial,705,1622,99.11,0.89,0.51,3395062,97.1,1705,99.9,0.0
UPI Verification,Financial,430,942,97.51,2.49,0.5,297035,97.0,999,98.53,1.5
GST Verification,Business,383,713,97.82,2.18,0.23,274430,95.8,763,97.35,1.0
Company (MCA) Lookup,Business,258,633,99.63,0.37,0.32,2458871,95.3,749,99.61,0.2
AML Screening,Compliance,595,1214,97.81,2.19,0.27,3539485,99.0,1093,99.04,0.8
