hour_of_day,txns,success_rate_pct,avg_ms
0,61,86.89,2286.0
1,74,85.14,2629.0
2,67,82.09,2215.0
3,60,86.67,2269.0
4,59,83.05,2137.0
5,67,70.15,2585.0
6,74,81.08,2376.0
7,70,80.0,2554.0
8,58,72.41,2710.0
9,52,88.46,2223.0
10,53,77.36,2556.0
11,68,79.41,2323.0
12,79,83.54,2465.0
13,71,88.73,2447.0
14,50,68.0,2403.0
15,51,86.27,2488.0
16,66,84.85,2162.0
17,52,73.08,2261.0
18,69,72.46,2364.0
19,53,75.47,2481.0
20,58,70.69,2169.0
21,51,82.35,2952.0
22,69,69.57,2921.0
23,68,79.41,2915.0
