doc_type,country,sourced_samples,tagged_samples,qa_passed_samples,tagged_pct,qa_pass_pct
National ID,VN,1397,847,738,60.6,87.1
Driver License,MX,346,225,203,65.0,90.2
Voter ID,IN,4309,2872,2524,66.7,87.9
Bank Statement,IN,4840,3234,2839,66.8,87.8
National ID,PH,922,617,574,66.9,93.0
GST Certificate,IN,4565,3105,2746,68.0,88.4
Utility Bill,IN,4707,3282,3182,69.7,97.0
Passport,ID,418,293,251,70.1,85.7
Passport,NG,761,558,500,73.3,89.6
National ID,NG,811,624,581,76.9,93.1
PAN,IN,4434,3454,3196,77.9,92.5
Passport,IN,4391,3462,3312,78.8,95.7
Aadhaar,IN,4702,3742,3595,79.6,96.1
Driving License,IN,5214,4321,3992,82.9,92.4
Driver License,PH,1360,1176,1016,86.5,86.4
National ID,ID,530,486,440,91.7,90.5
